libelle_programme,region
programme opérationnel interrégional feder du massif des alpes 2014-2020,Auvergne-Rhône-Alpes
programme opérationnel interrégional feder du massif des alpes 2014-2020,Provence-Alpes-Côte d'Azur
programme opérationnel interrégional feder loire 2014-2020,Auvergne-Rhône-Alpes
programme opérationnel interrégional feder loire 2014-2020,Bourgogne-Franche-Comté
programme opérationnel interrégional feder loire 2014-2020,Centre-Val de Loire
programme opérationnel interrégional feder loire 2014-2020,Normandie
programme opérationnel interrégional feder loire 2014-2020,Nouvelle-Aquitaine
programme opérationnel interrégional feder loire 2014-2020,Occitanie
programme opérationnel interrégional feder loire 2014-2020,Pays de la Loire
programme opérationnel interrégionnal massif central feder 2014-2020,Auvergne-Rhône-Alpes
programme opérationnel interrégionnal massif central feder 2014-2020,Bourgogne-Franche-Comté
programme opérationnel interrégionnal massif central feder 2014-2020,Nouvelle-Aquitaine
programme opérationnel interrégionnal massif central feder 2014-2020,Occitanie
programme opérationnel interrégional feder pyrénées 2014-2020,Nouvelle-Aquitaine
programme opérationnel interrégional feder pyrénées 2014-2020,Occitanie
programme opérationnel interrégional feder rhône-saône 2014-2020,Auvergne-Rhône-Alpes
programme opérationnel interrégional feder rhône-saône 2014-2020,Bourgogne-Franche-Comté
programme opérationnel interrégional feder rhône-saône 2014-2020,Occitanie
programme opérationnel interrégional feder rhône-saône 2014-2020,Provence-Alpes-Côte d'Azur
