periode,libelle_programme,region
2021-2027,programme bretagne feder-fse+ 2021-2027,Bretagne
2021-2027,programme centre-val de loire et interrégional loire feder-fse+ 2021-2027,Centre-Val de Loire
2021-2027,programme corse feder-fse+ 2021-2027,Corse
2021-2027,programme feder fse+ nouvelle-aquitaine,Nouvelle-Aquitaine
2021-2027,programme feder-fse+ 2021-2027 de la réunion,La Réunion
2021-2027,programme feder-fse+ auvergne-rhône-alpes 2021-2027,Auvergne-Rhône-Alpes
2021-2027,programme feder-fse+ bourgogne franche-comté et massif du jura 2021-2027,Bourgogne-Franche-Comté
2021-2027,programme feder-fse+ guyane 2021-2027,Guyane
2021-2027,programme feder-fse+ guadeloupe 2021-2027,Guadeloupe
2021-2027,programme grand est et massif des vosges feder-fse+-ftj 2021-2027,Grand Est
2021-2027,programme hauts de france feder-fse+-ftj 2021-2027,Hauts-de-France
2021-2027,programme martinique feder-fse+ 2021-2027,Martinique
2021-2027,programme mayotte feder-fse+ 2021- 2027,Mayotte
2021-2027,programme normandie feder-fse+-ftj 2021-2027,Normandie
2021-2027,programme occitanie feder-fse+ 2021- 2027,Occitanie
2021-2027,programme pays de la loire feder-fse+-ftj 2021-2027,Pays de la Loire
2021-2027,programme provence-alpes-côte d'azur et massif des alpes feder-fse+-ftj 2021-2027,Provence-Alpes-Côte d'Azur
2021-2027,programme régional île-de-france et bassin de la seine feder-fse+ 2021-2027,Île-de-France
2021-2027,programme saint martin feder 2021-2027,Saint-Martin
2014-2020,programme opérationnel feder-fse centre-val de loire 2014-2020,Centre-Val de Loire
2014-2020,programme opérationnel feder réunion conseil régional 2014-2020,La Réunion
2014-2020,programme opérationnel feder fse lorraine et massif des vosges 2014-2020,Grand Est
2014-2020,programme opérationnel feder-fse languedoc-roussillon 2014-2020,Occitanie
2014-2020,programme opérationnel feder-fse bourgogne 2014- 2020,Bourgogne-Franche-Comté
2014-2020,programme opérationnel feder-fse midi-pyrénées et garonne 2014-2020,Occitanie
2014-2020,programme opérationnel régional auvergne feder-fse 2014-2020,Auvergne-Rhône-Alpes
2014-2020,programme opérationnel feder-fse nord-pas de calais 2014-2020,Hauts-de-France
2014-2020,programme opérationnel feder-fse ile-de-france et bassin de seine 2014-2020,Île-de-France
2014-2020,programme opérationnel feder fse iej champagne ardenne 2014-2020,Grand Est
2014-2020,programme opérationnel feder-fse guadeloupe conseil régional 2014-2020,Guadeloupe
2014-2020,programme opérationnel feder-fse martinique conseil régional 2014-2020,Martinique
2014-2020,programme opérationnel feder-fse picardie 2014-2020,Hauts-de-France
2014-2020,programme opérationnel feder-fse rhône-alpes 2014-2020,Auvergne-Rhône-Alpes
2014-2020,programme opérationnel des pays de la loire,Pays de la Loire
2014-2020,programme opérationnel feder-fse franche-comté et massif du jura 2014-2020,Bourgogne-Franche-Comté
2014-2020,programme opérationnel feder-fse guyane 2014-2020,Guyane
2014-2020,programme opérationnel feder alsace 2014-2020,Grand Est
2014-2020,programme opérationnel feder-fse provence alpes côte d'azur 2014-2020,Provence-Alpes-Côte d'Azur
2014-2020,programme opérationnel fse alsace 2014-2020,Grand Est
2014-2020,po feder-fse corse 2014-2020,Corse
2014-2020,programme opérationnel feder mayotte 2014-2020,Mayotte
2014-2020,programme opérationnel feder guadeloupe et saint-martin etat 2014-2020,Guadeloupe
2014-2020,programme opérationnel fead 2014-2020,
2014-2020,pnat europ'act 2014-2020,
2014-2020,programme opérationnel interrégionnal massif central feder 2014-2020,
2014-2020,programme opérationnel interrégional feder loire 2014-2020,
2014-2020,programme opérationnel interrégional feder du massif des alpes 2014-2020,
2014-2020,programme opérationnel interrégional feder rhône-saône 2014-2020,
2014-2020,programme opérationnel interrégional feder pyrénées 2014-2020,
